OverallQual,GrLivArea,GarageCars,GarageArea,TotalBsmtSF,FullBath,YearBuilt,YearRemodAdd,LotArea,BedroomAbvGr,SalePrice
7,1710,2,548,856,2,2003,2003,8450,3,208500
6,1262,2,460,1262,2,1976,1976,9600,3,181500
7,1786,2,608,920,2,2001,2002,11250,3,223500
7,1717,3,642,756,1,1915,1970,9550,3,140000
8,2198,3,836,1145,2,2000,2000,14260,4,250000
5,1362,2,480,796,1,1993,1995,14115,1,143000
8,1694,2,636,1686,2,2004,2005,10084,3,307000
7,2090,2,484,1107,2,1973,1973,10382,3,200000
7,1774,2,468,952,2,1931,1950,6120,2,129900
5,1077,1,205,991,1,1939,1950,7420,2,118000
5,1040,1,384,1040,1,1965,1965,11200,3,129500
9,2324,3,736,1175,3,2005,2006,11924,4,345000
5,912,1,352,912,1,1962,1962,12968,2,144000
7,1494,3,840,1494,2,2006,2007,10652,3,279500
6,1253,1,352,1253,1,1960,1960,10920,2,157000
7,854,2,576,832,1,1929,2001,6120,2,132000
6,1004,2,480,1004,1,1970,1970,11241,2,149000
4,1296,2,516,0,2,1967,1967,10791,2,90000
5,1114,2,576,1114,1,2004,2004,13695,3,159000
5,1339,1,294,1029,1,1958,1965,7560,3,139000
8,2376,3,853,1158,3,2005,2006,14215,4,325300
7,1108,1,280,637,1,1930,1950,7449,3,139400
8,1795,2,534,1777,2,2002,2002,9742,3,230000
5,1060,2,572,1040,1,1976,1976,4224,3,129900
5,1060,1,270,1060,1,1968,2001,8246,3,154000
8,1600,3,890,1566,2,2007,2007,14230,3,256300
5,900,2,576,900,1,1951,2000,7200,3,134800
8,1704,3,772,1704,2,2007,2008,11478,3,306000
5,1600,1,319,1484,1,1957,1997,16321,2,207500
4,520,1,240,520,1,1927,1950,6324,1,68500
4,1317,1,250,649,1,1920,1950,8500,3,40000
5,1228,1,271,1228,1,1966,2006,8544,3,149350
8,1234,2,484,1234,2,2007,2007,11049,3,179900
5,1700,2,447,1398,1,1959,1959,10552,4,165500
9,1561,2,556,1561,2,2005,2005,7313,2,277500
8,2452,3,691,1117,3,2004,2005,13418,4,309000
5,1097,2,672,1097,1,1994,1995,10859,3,145000
5,1297,2,498,1297,1,1954,1990,8532,3,153000
5,1057,1,246,1057,1,1953,2007,7922,3,109000
4,1152,0,0,0,2,1955,1955,6040,2,82000
6,1324,2,440,1088,2,1965,1965,8658,3,160000
5,1328,1,308,1350,1,1959,1959,16905,2,170000
5,884,2,504,840,1,1983,1983,9180,2,144000
5,938,1,308,938,1,1975,1980,9200,3,130250
5,1150,1,300,1150,1,1959,1959,7945,3,141000
9,1752,2,576,1752,2,2005,2005,7658,2,319900
7,2149,2,670,1434,1,2003,2003,12822,1,239686
8,1656,3,826,1656,2,2006,2006,11096,3,249700
4,1452,0,0,736,2,1920,2008,4456,2,113000
5,955,1,386,955,1,1966,1966,7742,3,127000
6,1470,2,388,794,2,1997,1997,13869,3,177000
6,1176,2,528,816,1,1934,1950,6240,3,114500
5,816,2,516,816,1,1963,1963,8472,2,110000
9,1842,3,894,1842,0,1981,1987,50271,0,385000
5,1360,2,572,384,1,1955,1955,7134,3,130000
6,1425,2,576,1425,2,1964,1964,10175,3,180500
8,1739,2,480,970,2,1999,2000,2645,3,172500
7,1720,2,565,860,2,2004,2004,11645,3,196500
10,2945,3,641,1410,3,2006,2006,13682,3,438780
5,780,1,352,780,1,1972,1972,7200,2,124900
6,1158,2,576,1158,1,2004,2004,13072,3,158000
5,1111,1,288,530,1,1920,1996,7200,3,101000
8,1370,2,484,1370,2,2006,2006,6442,2,202500
7,1710,2,480,576,2,1921,1950,10300,3,140000
7,2034,2,645,1057,2,1997,1998,9375,3,219500
8,2473,3,852,1143,2,2004,2005,9591,4,317000
7,2207,2,576,1947,2,1970,1989,19900,3,180000
7,1479,2,558,1453,2,2003,2003,10665,3,226000
4,747,1,220,747,1,1945,1950,4608,2,80000
7,2287,2,667,1304,2,1953,1953,15593,3,225000
7,2223,2,516,2223,2,1973,1973,13651,3,244000
4,845,2,360,845,1,1982,2006,7599,2,129500
7,1718,2,427,832,2,1998,1998,10141,3,185000
5,1086,2,490,1086,1,1954,2003,10200,3,144900
3,1605,1,379,840,2,1915,1950,5790,3,107400
4,988,1,297,462,1,1973,1973,1596,2,91000
4,952,1,283,952,1,1956,1956,8475,2,135750
5,1285,1,240,672,1,1948,2001,8635,2,127000
4,1768,0,0,1768,2,1968,1968,10778,4,136500
5,1230,2,440,440,1,1910,1981,10440,2,110000
6,2142,1,509,896,2,1968,1968,13000,4,193500
6,1337,2,405,1237,2,1998,1998,4500,2,153500
8,1563,3,758,1563,2,2007,2007,10206,3,245000
5,1065,2,461,1065,1,1960,1960,8892,3,126500
7,1474,2,400,384,2,1995,1996,8530,3,168500
8,2417,2,462,1288,2,1991,1992,16059,4,260000
6,1560,2,400,684,2,2005,2005,11911,3,174000
6,1224,2,528,612,2,2009,2009,3951,2,164500
3,1526,0,0,1013,1,1915,1982,8470,2,85000
4,990,0,0,990,1,1994,1995,8070,3,123600
4,1040,2,420,0,1,1950,1950,7200,2,109900
5,1235,2,480,1235,1,1961,1961,8500,2,98600
5,964,2,432,876,1,1921,2006,13360,2,163500
6,2291,2,506,1214,2,1910,1998,7200,4,133900
6,1786,2,684,824,2,1997,1997,9337,3,204750
6,1470,2,420,680,2,1993,1993,9765,3,185000
7,1588,2,472,1588,2,1999,1999,10264,3,214000
4,960,1,432,960,1,1965,1965,10921,3,94750
5,835,1,366,458,1,1920,1950,10625,2,83000
4,1225,0,0,950,1,1959,1959,9320,3,128950
6,1610,2,480,1610,2,1977,2001,10603,3,205000
6,1732,2,476,741,2,1985,1985,9206,3,178000
5,1535,2,410,0,2,1979,1979,7018,4,118964
7,1226,3,740,1226,2,2009,2009,10402,3,198900
7,1818,1,240,1040,1,1931,1950,7758,4,169500
8,1992,2,648,1053,2,2003,2004,9375,3,250000
4,1047,1,273,641,1,1885,1995,10800,2,100000
5,789,1,250,789,1,1948,1950,6000,2,115000
5,1517,0,0,793,2,1919,2005,8500,3,115000
6,1844,2,546,1844,2,1977,1977,11751,3,190000
6,1855,1,325,994,2,1954,1972,9525,4,136900
7,1430,2,400,384,2,2000,2000,7750,3,180000
7,2696,3,792,1264,2,2007,2007,9965,4,383970
6,2259,2,450,1809,2,1953,1953,21000,3,217000
6,2320,1,180,1028,2,1945,2002,7259,3,259500
6,1458,2,440,729,2,1999,1999,3230,2,176000
5,1092,1,288,1092,1,1962,1962,11616,3,139000
5,1125,2,430,1125,1,2006,2007,8536,2,155000
7,3222,3,594,1673,3,1990,1990,12376,5,320000
6,1456,2,390,728,2,2005,2006,8461,3,163990
6,988,2,540,938,1,1969,1969,21453,1,180000
4,1123,1,264,732,1,1939,1950,6060,3,100000
6,1080,1,288,1080,1,1958,1958,9464,3,136000
6,1199,2,530,1199,2,1993,1993,7892,2,153900
6,1586,2,435,1362,2,1979,1998,17043,3,181000
6,754,0,0,520,1,1935,1982,6780,2,84500
6,958,2,440,1078,2,1976,1976,4928,2,128000
5,840,0,0,672,1,1930,1950,4388,3,87000
6,1348,2,453,660,1,1966,1966,7590,3,155000
5,1053,2,750,1008,1,1958,1991,8973,3,150000
7,2157,2,487,924,2,1966,1966,14200,4,226000
6,2054,2,390,992,2,2000,2000,12224,3,244000
5,1327,2,624,1063,1,1959,2002,7388,3,150750
8,1296,2,471,1267,2,2001,2002,6853,2,220000
5,1721,2,440,1461,2,1968,1993,10335,3,180000
7,1682,2,530,1304,2,1970,1970,10400,3,174000
5,1214,1,318,1214,2,1967,1967,10355,3,143000
7,1959,3,766,1907,3,1988,1989,11070,5,171000
8,1852,3,660,1004,2,1999,2000,9066,3,230000
6,1764,2,470,928,2,1997,1997,15426,3,231500
4,864,0,0,864,1,1971,1971,10500,3,115000
7,1734,2,660,1734,2,2005,2005,11645,3,260000
5,1385,2,720,910,2,1952,1952,8520,4,166000
7,1501,2,577,1490,2,1999,1999,10335,3,204000
5,1728,2,504,1728,2,1963,1963,9100,6,125000
6,1709,2,380,970,2,2004,2006,2522,3,130000
5,875,1,180,715,1,1931,1993,6120,2,105000
7,2035,2,434,884,2,2001,2001,9505,3,222500
7,1080,0,0,1080,1,2004,2005,7500,3,141000
5,1344,1,240,896,1,1936,1950,6240,3,115000
5,969,2,440,969,1,1975,1975,10356,3,122000
8,1710,3,866,1710,2,2007,2008,13891,2,372402
6,1993,2,495,825,2,1971,1971,14803,4,190000
6,1252,2,564,1602,1,1960,1975,13500,1,235000
6,1200,1,312,1200,1,1923,1950,11340,4,125000
6,1096,0,0,572,1,1924,1950,9600,2,79000
5,1040,2,625,0,1,1950,1950,7200,2,109500
8,1968,3,680,774,2,2009,2010,12003,4,269500
7,1947,2,678,991,2,2004,2005,12552,3,254900
7,2462,2,576,1392,2,2005,2006,19378,4,320000
6,1232,2,516,1232,2,1984,1984,11120,3,162500
9,2668,3,726,1572,2,2003,2004,13688,3,412500
7,1541,2,532,1541,2,2005,2005,12182,3,220000
4,882,0,0,882,1,1956,1956,5500,1,103200
6,1616,1,216,1149,2,1926,2004,5400,3,152000
5,1355,0,0,644,2,1940,1999,10106,4,127500
5,1867,1,303,1617,1,1955,1993,10708,2,190000
8,2161,3,789,1582,1,2007,2007,10562,3,325624
7,1720,2,440,840,2,2004,2004,8244,3,183500
8,1707,2,511,1686,2,1981,1981,16669,2,228000
5,1382,2,660,720,1,1941,1950,12358,2,128500
6,1656,2,528,1080,1,1960,1960,31770,3,215000
7,1767,2,504,1064,2,1987,1987,5306,2,239000
6,1362,2,504,1362,1,1961,1961,10197,3,163000
6,1651,2,616,1606,2,1986,1986,12416,3,184000
6,2158,2,576,1202,2,1950,2001,12615,4,243000
6,2060,2,521,1151,2,1988,1989,10029,4,211000
5,1920,2,451,1052,2,1958,1958,13650,4,172500
9,2234,3,1166,2216,2,2008,2009,17423,1,501837
5,968,2,480,968,1,1923,2006,8520,2,100000
6,1525,2,440,756,2,2000,2000,2117,3,177000
7,1802,1,216,793,1,1920,1950,7588,4,200100
5,1340,1,252,0,1,1957,2006,9060,3,120000
7,2082,2,484,1362,2,2003,2003,11426,3,200000
5,1252,2,576,504,1,1908,1991,7438,3,127000
10,3608,3,840,1107,2,1892,1993,22950,4,475000
7,1217,2,497,1188,2,1990,1991,9947,3,173000
5,1656,1,180,660,2,1916,1987,10410,3,135000
5,1224,2,528,1086,0,1979,1979,7018,2,153337
8,1593,2,682,1593,1,2001,2002,4923,0,286000
8,2727,2,440,853,2,1932,1994,10570,3,315000
7,1479,2,484,725,1,1972,2004,7472,4,184000
7,1431,2,666,1431,2,1999,1999,9017,3,192000
7,1709,2,380,970,2,2004,2004,2522,3,130000
5,864,1,352,864,1,1972,1972,7180,3,127000
6,1456,2,440,855,2,1976,1976,2280,3,148500
7,1726,3,786,1726,2,2007,2007,9416,3,311872
8,3112,2,795,1360,2,1918,1990,25419,4,235000
6,2229,0,0,755,1,1912,1950,5520,5,104000
8,1713,3,856,1713,2,2004,2005,9591,3,274900
4,1121,2,440,1121,2,2003,2004,8546,2,140000
6,1279,2,473,1196,2,1977,1977,10125,3,171500
6,1310,1,398,617,2,1924,1950,7000,2,112000
6,848,2,420,848,1,2004,2004,4438,1,149000
5,1284,1,240,720,1,1947,1950,3500,2,110000
7,1442,2,500,1424,2,1990,1990,11851,3,180500
5,1696,1,349,1140,1,1962,1962,13673,3,143900
4,1100,1,312,1100,1,1960,1960,12493,3,141000
7,2062,2,454,1157,2,1988,1989,14364,3,277000
6,1092,2,504,1092,1,1964,1964,8250,3,145000
5,864,0,0,864,1,1925,1950,5604,2,98000
6,1212,2,460,1212,2,2009,2009,10420,3,186000
7,1852,2,644,900,2,2009,2009,8640,3,252678
5,990,2,576,990,1,1995,1995,13568,3,156000
6,1392,1,299,689,1,1977,1977,10900,3,161750
5,1236,1,447,1070,1,1957,1996,10011,2,134450
7,1436,2,484,1436,2,2004,2004,8450,3,210000
4,1328,1,210,686,1,1925,1950,9906,3,107000
7,1954,2,431,798,1,1939,2006,15660,3,311500
7,1248,2,438,1248,2,2005,2006,3010,2,167240
7,1498,2,675,1498,2,2006,2006,8990,2,204900
6,2267,2,390,1010,2,2002,2002,8068,4,200000
6,1552,2,434,713,2,1975,1975,11475,3,179900
4,864,2,576,864,1,1971,1971,10500,2,97000
10,2392,3,968,2392,2,2003,2003,13472,3,386250
5,1302,1,280,630,2,1971,1971,1680,3,112000
7,2520,3,721,1203,2,1995,1995,9950,4,290000
6,987,1,280,483,1,1970,1970,1869,2,106000
5,912,1,336,912,1,1967,1967,8521,3,125000
7,1555,2,430,1373,2,2005,2006,3182,2,192500
6,1194,1,312,1194,1,1959,1959,8760,3,148000
8,2794,3,810,1462,2,1995,1996,15138,4,403000
6,987,1,288,483,1,1972,1972,1680,2,94500
5,894,1,308,894,1,1976,1976,10650,3,128200
6,1960,2,440,860,2,2002,2002,7851,4,216500
6,987,1,264,483,1,1971,1971,1680,2,89500
7,1414,2,494,1414,2,2004,2004,8773,3,185500
7,1744,2,457,996,2,1993,2003,9453,3,194500
8,1694,3,818,1694,2,2007,2007,12030,3,318000
6,1487,1,220,735,1,1945,1950,8741,3,113000
8,1566,2,750,1566,2,2008,2008,9000,3,262500
5,866,0,0,686,1,1945,1997,3880,2,110500
5,1440,1,352,540,1,1900,1950,5000,3,79000
6,1217,1,288,626,1,1980,1980,10762,3,120000
7,2110,2,463,948,2,1994,2002,8880,3,205000
7,1872,2,604,1845,2,1988,1988,10400,3,241500
6,1928,1,440,1020,2,1910,1950,9142,4,137000
6,1375,2,451,1367,1,1954,1954,11310,2,140000
7,1668,2,500,840,2,2003,2003,11317,3,180000
6,2144,2,389,1444,2,1958,2006,159000,4,277000
3,1306,0,0,728,1,1940,1966,5350,3,76500
8,1625,2,538,1573,2,2006,2007,4750,2,235000
6,1640,2,520,798,2,2004,2004,8366,3,173000
6,1302,1,309,1302,2,1964,1991,9350,3,158000
5,1314,1,294,1314,1,1957,1957,8400,3,145000
7,2291,2,429,975,2,1999,1999,8738,4,230000
6,1728,2,673,864,2,2003,2003,8791,3,207500
7,1604,2,660,1604,2,2006,2006,8814,3,220000
7,1792,2,564,963,2,2001,2001,12435,3,231500
5,882,1,308,0,1,1956,1956,12702,2,97000
6,1382,2,884,1362,1,1962,1962,19296,3,176000
8,2574,3,868,1482,2,2007,2007,9588,3,276000
6,1212,2,492,506,1,1977,1995,8471,3,151000
5,1316,2,484,926,1,1929,2001,5500,3,130000
5,764,2,504,680,1,1925,2004,5232,2,73000
6,1422,2,576,1422,2,1981,1981,12090,3,175500
6,1511,2,413,802,2,1997,1997,11207,3,185000
5,2192,1,240,720,2,1939,1997,8400,4,179500
5,778,1,924,740,1,1940,1955,6900,2,120500
6,1113,1,504,1143,1,1976,1976,7917,3,148000
8,1939,3,1053,1095,2,2006,2006,10728,3,266000
7,1363,2,439,1385,1,1954,2005,39104,2,241500
8,2270,3,671,1152,2,1999,2007,11764,4,290000
6,1632,1,338,1240,2,1958,1988,9600,3,139000
5,816,1,264,816,1,1982,1982,8314,2,124500
7,1548,2,672,952,2,1925,2007,7264,3,205000
7,1560,2,573,1560,2,2003,2003,9196,3,201000
4,864,2,400,864,1,1951,1951,19138,2,141000
9,2121,3,732,2121,2,2006,2007,14450,3,415298
7,2022,2,505,1160,2,1977,1977,10005,4,192000
7,1982,2,575,807,2,1989,1989,11287,3,228500
6,1262,2,572,1262,2,2006,2006,7200,2,185000
7,1314,2,626,1314,2,2007,2008,5063,2,207500
8,1468,3,898,1468,2,2008,2009,9612,3,244600
6,1575,2,529,1575,2,1992,1992,8012,2,179200
7,1250,2,528,625,2,2006,2007,4251,2,164700
6,1734,2,440,912,1,1962,1981,9786,3,159000
4,858,0,0,858,1,1971,1971,8125,3,88000
5,900,1,280,882,1,1967,1967,9819,3,122000
6,1396,1,384,698,1,1915,2003,8730,3,153575
8,1919,2,685,1079,2,2006,2006,15611,3,233230
5,1716,0,0,780,2,1912,2000,5687,6,135900
5,1716,1,281,768,1,1949,2008,11409,3,131000
7,2263,2,539,795,2,1977,1994,16659,3,235000
6,1644,2,418,1416,1,1953,1953,9600,3,167000
6,1003,2,588,1003,1,1984,1984,7937,3,142500
5,1558,1,282,910,1,1950,1950,13710,4,152000
7,1950,2,576,975,2,1997,1998,7399,3,239000
6,1743,2,539,702,1,1968,1968,11700,3,175000
6,1152,1,300,1092,1,1950,2004,14000,3,158500
5,1336,1,375,1165,1,1953,1953,15750,2,157000
8,2452,2,683,1028,2,1998,1999,16226,4,267000
7,1541,3,843,1541,2,2001,2002,13704,3,205000
5,894,2,552,894,1,1972,1972,9800,3,149900
7,3493,3,870,1470,3,1880,2002,18386,3,295000
8,2000,3,888,2000,2,2004,2005,10386,3,305900
7,2243,3,746,700,2,1990,1991,13474,4,225000
6,1406,0,0,319,1,1920,1950,7920,3,89500
4,861,2,539,861,1,1940,1950,12342,1,82500
9,1944,3,708,1896,2,2003,2004,12378,3,360000
6,1501,2,420,697,2,1993,1994,7685,3,165600
6,972,1,240,972,1,1948,2002,8000,2,132000
5,1118,2,410,793,1,1939,1950,7800,3,119900
7,2036,2,513,2136,2,1965,1965,215245,3,375000
7,1641,2,546,728,1,1925,1990,9600,3,178000
7,1432,2,432,716,2,2004,2005,7795,3,188500
7,2353,2,484,845,2,1980,1980,13005,4,260000
8,1959,3,1025,1088,2,2006,2006,9000,3,270000
7,2646,3,656,1347,2,1993,1993,9900,4,260000
7,1472,2,588,1372,2,1980,1980,14115,3,187500
9,2596,3,840,1249,3,2006,2006,16259,4,342643
8,2468,3,872,1136,2,2004,2004,12099,4,354000
7,2730,2,576,1502,2,1986,1987,10380,4,301000
3,1163,1,220,1162,1,1955,2005,5820,3,126175
7,2978,2,564,710,2,1967,2007,11275,5,242000
5,803,2,360,720,1,1941,1950,5000,2,87000
8,1719,2,473,1719,1,1993,1993,10846,1,324000
6,1383,1,292,1383,1,1960,1960,11600,3,145250
6,2134,2,441,844,2,1916,1994,11888,5,214500
5,1192,1,189,596,1,1920,1950,6402,3,78000
5,1728,1,352,1728,2,1964,1964,10624,6,119000
5,1056,1,308,1056,1,1958,1992,8176,3,139000
8,1629,3,880,3206,2,2003,2004,10655,3,284000
7,1358,2,484,1358,2,2004,2004,8198,2,207000
6,1638,2,472,943,2,1998,1998,9042,3,192000
5,1786,2,529,1499,2,1965,1965,164660,3,228950
9,1922,3,676,1922,2,2005,2006,14157,3,377426
7,1536,2,532,1536,2,2002,2003,9135,3,214000
7,1621,2,440,1208,2,1984,1998,14145,3,202500
6,1215,1,297,1215,1,1958,1998,12400,3,155000
8,1908,2,431,967,2,2002,2002,14191,4,202900
4,841,1,294,721,1,1950,1950,8400,2,82000
3,1040,2,400,0,2,1949,1950,8544,2,87500
9,1684,2,564,1684,2,2005,2005,8849,2,266000
5,1112,1,336,536,1,1976,1976,2592,3,85000
6,1577,1,312,972,1,1939,1950,6435,3,140200
6,958,1,301,958,1,1960,1998,12772,2,151500
6,1478,2,498,1478,2,1960,1960,17600,3,157500
7,1626,2,474,764,2,2003,2004,2448,2,154000
9,2728,3,706,1848,2,2005,2006,20431,4,437154
9,1869,2,617,1869,2,2007,2007,7820,2,318061
7,1453,2,445,1453,1,1986,1986,5271,2,190000
5,1111,1,200,616,1,1941,1950,9084,3,95000
6,720,2,484,624,1,1928,2003,8520,2,105900
6,1595,1,240,940,1,1940,2000,8400,2,140000
6,1200,2,521,1200,2,1995,1995,11249,3,177500
6,1167,2,400,1158,2,1992,1992,9248,3,173000
5,1142,2,528,1142,1,1976,1976,4224,3,134000
5,1352,1,288,1062,1,1958,1958,6930,3,130000
8,1924,2,592,1086,2,1998,1998,12011,3,280000
6,912,2,470,888,1,1978,1978,7540,2,156000
5,1505,1,240,883,1,1940,1982,9144,3,145000
7,1922,2,672,0,3,2003,2003,7301,4,198500
6,987,1,264,483,1,1972,2007,1680,2,118000
6,1574,2,566,796,2,1976,1976,18800,3,190000
5,1344,1,468,672,1,1920,1997,10690,3,147000
6,1394,2,514,1394,1,1963,1963,9500,3,159000
6,1431,1,296,1099,1,1962,1962,9150,3,165000
5,1268,1,244,1268,1,1954,1954,7800,2,132000
5,1287,2,576,1063,1,1959,2006,9830,3,162000
6,1664,2,460,953,2,2000,2000,8121,3,172400
4,1588,2,680,0,2,1959,1959,17120,4,134432
6,752,1,264,744,1,1984,1984,7175,2,125000
5,1319,1,270,608,1,1953,1953,10634,3,123000
7,1928,2,434,847,2,2003,2004,8200,4,219500
1,904,0,0,683,0,1922,1950,10020,1,61000
5,914,2,576,870,1,1996,1996,8846,2,148000
8,2466,2,610,1580,3,2004,2005,11143,4,340000
9,1856,3,834,1856,1,2010,2010,11394,1,394432
6,1800,2,463,982,2,2000,2000,8123,3,179000
5,1691,1,308,1026,2,1924,1950,5000,3,127000
7,1301,2,572,1293,2,2006,2006,7200,2,187750
7,1797,2,639,939,2,2006,2006,9245,3,213500
6,784,2,360,784,1,1928,1950,9000,2,76000
6,1953,2,501,1580,2,1992,1992,53107,3,240000
8,1269,2,430,1256,2,2004,2005,3182,2,192000
5,1184,0,0,658,1,1910,1996,8410,5,81000
6,1125,1,352,1041,1,1976,1976,7200,3,125000
7,1479,2,577,1468,2,1999,2000,9382,3,191000
10,2332,3,846,1682,2,2007,2008,12474,3,426000
5,1367,1,384,861,1,1900,1950,8405,4,119000
6,1961,2,560,804,2,2001,2002,12209,3,215000
5,882,1,294,0,1,1959,1959,8339,3,106500
4,788,0,0,788,1,1941,1950,7446,2,100000
5,1034,1,240,735,1,1940,1950,10134,2,109000
5,1144,1,596,1144,1,1956,1956,9571,3,129000
5,894,2,600,894,1,1972,1972,7200,2,123000
5,1812,1,264,864,2,1962,1962,7590,4,169500
5,1077,1,338,961,1,1920,1950,8967,2,67000
7,1550,2,438,1092,2,2006,2007,8125,2,241000
8,1288,2,500,1260,1,1996,1996,14963,1,245500
7,1310,2,400,1310,2,2005,2005,8767,3,164990
5,672,1,240,672,1,1940,1997,10200,2,108000
8,2263,2,420,1141,2,1998,1998,12090,4,258000
6,1572,2,373,806,2,1995,1996,10364,3,168000
4,1620,2,490,1281,2,1976,1993,9991,3,150000
6,1639,1,240,1064,1,1936,1950,10480,3,115000
6,1680,1,308,840,2,1915,1976,15576,4,177000
7,2172,3,947,1063,2,2006,2006,14154,3,280000
8,2078,3,836,1034,2,2007,2008,10800,3,339750
5,1276,1,350,1276,1,1958,1958,9571,3,60000
5,1056,2,572,1056,1,1955,1955,34650,3,145000
7,1478,2,484,1470,2,2009,2009,4403,2,222000
5,1028,2,360,1008,1,1927,1950,8960,2,115000
7,2097,3,678,1080,2,1993,1993,11228,3,228000
7,1340,2,396,1340,2,2007,2007,8899,3,181134
6,1400,2,440,672,1,1978,1978,7844,3,149500
6,2624,3,864,1370,2,1918,1950,22420,4,239000
5,1134,1,240,756,1,1940,1950,8160,3,126000
5,1056,1,304,1056,1,1968,1968,8450,3,142000
7,1344,4,784,1344,2,1997,1998,7060,2,206300
6,1602,2,529,1602,2,1977,2000,16635,3,215000
5,988,2,520,988,1,1954,1954,21750,2,113000
8,2630,3,696,1470,2,1998,1998,9200,4,315000
6,1196,1,297,1196,1,1956,1956,9000,2,139000
7,1389,1,240,651,1,1946,1992,3378,3,135000
7,1644,2,569,1518,2,1989,1989,12800,2,275000
4,907,1,352,907,1,1957,1957,8593,3,109008
7,1208,2,628,1208,2,2007,2007,6762,2,195400
6,1412,2,576,1392,2,1988,1988,11457,3,175000
6,987,1,264,483,1,1971,1971,1680,2,85400
6,1198,0,0,901,1,1920,1998,5586,4,79900
5,1365,2,440,765,1,1971,1971,1920,2,122500
6,1604,2,470,926,2,1997,1998,10839,3,181000
4,630,0,0,630,1,1972,1972,1890,1,81000
7,1661,2,550,799,2,1996,1996,10667,3,212000
6,1118,2,440,648,1,1920,1950,4400,2,116000
6,904,1,180,884,1,1926,2004,6000,2,119000
5,694,1,352,440,1,1913,2002,4280,2,90350
6,1196,2,528,684,1,1920,2000,12354,3,110000
10,2402,3,672,3094,2,2008,2008,15431,2,555000
4,1440,0,0,1440,2,1955,1955,12108,4,118000
5,1573,2,360,1078,2,1930,1992,6240,3,162900
7,1258,3,648,1258,2,2006,2007,3922,2,172500
7,1908,2,493,915,2,1994,1995,8750,4,210000
6,1689,2,480,1436,1,1956,1956,9855,3,127500
6,1888,2,578,1517,2,1966,2002,16492,2,190000
7,1886,2,431,930,2,1998,1999,11214,4,199900
6,1376,1,198,780,2,1937,1950,8600,3,119500
3,1183,1,308,649,1,1948,2002,6000,2,120000
6,813,1,270,813,1,1930,2005,5684,2,110000
7,1533,2,576,1533,2,1975,1975,70761,2,280000
6,1756,2,422,872,2,1996,1997,9303,3,204000
8,1590,2,676,768,2,2008,2008,9000,3,210000
5,1728,2,560,1728,2,1976,1976,9297,4,188000
7,1242,2,528,1242,1,1973,1973,9600,3,175500
5,1344,3,513,624,1,1916,1950,4571,4,98000
4,1663,2,529,1364,1,1954,1994,53227,2,256000
8,1666,1,228,588,1,1925,1996,5100,3,161000
5,1203,1,352,709,1,1950,1950,7015,3,110000
8,1935,2,552,832,2,2009,2009,8004,3,263435
7,1135,2,576,560,1,1936,2007,7200,3,155000
5,864,1,360,864,1,1965,1965,8281,3,62383
6,1660,1,240,715,1,1934,1995,11988,3,188700
5,1040,0,0,1040,2,1978,1978,8430,3,124000
7,1414,2,398,1375,2,2004,2004,3072,2,178740
7,1277,2,526,1277,1,1970,1970,10628,2,167000
5,1644,1,312,728,1,1942,1995,9480,3,146500
8,1634,3,866,1626,2,2006,2006,11428,3,250000
6,1710,2,506,832,2,1993,1993,9291,3,187000
8,1502,2,528,1488,1,1985,1985,6820,1,212000
7,1969,2,534,808,2,1977,1977,11952,3,190000
6,1072,2,525,547,1,2005,2005,3675,2,148000
8,1976,3,908,1976,2,2006,2007,14977,2,440000
8,1652,2,499,1494,2,2000,2000,5330,2,251000
5,970,2,624,970,1,1963,1963,8480,2,132500
6,1493,2,508,1478,2,1997,1998,13125,3,208900
9,2643,3,694,2153,2,2006,2006,13693,3,380000
8,1718,3,826,1705,2,2007,2008,10637,3,297000
4,1131,2,672,907,1,1937,2000,5925,2,89471
9,1850,3,772,1833,2,2004,2005,16033,3,326000
9,1792,3,874,1792,2,2003,2004,11846,2,374000
7,1826,1,164,910,1,1915,2005,2500,4,155000
6,1216,2,402,1216,2,1998,1998,4500,2,164000
5,999,1,264,999,1,1962,2001,7758,3,132500
5,1113,1,264,1113,1,1950,2007,9600,3,147000
5,1073,2,515,1073,1,1965,1965,10289,3,156000
5,1484,2,487,1484,2,1971,1971,12243,3,175000
5,2414,2,520,954,2,1900,1970,10800,3,160000
4,630,1,286,630,1,1970,2002,1526,1,86000
5,1304,1,336,264,1,1976,1976,2665,3,115000
6,1578,1,240,806,1,1941,1950,9490,3,133000
6,1456,2,429,728,2,2006,2006,15578,3,172785
5,1269,1,308,1269,1,1960,1960,7931,3,155000
5,886,1,273,190,1,1938,1996,5784,2,91300
4,720,0,0,720,1,1920,1950,7879,2,34900
8,3228,2,546,3200,3,1992,1993,12692,4,430000
7,1820,1,240,1026,2,1925,1950,9120,4,184000
5,899,1,288,864,1,1967,2004,7800,3,130000
5,912,1,297,912,1,1958,1985,7535,2,120000
6,1218,1,264,672,1,1973,1973,1890,3,113000
7,1768,2,603,866,2,2005,2005,9803,3,226700
5,1214,2,461,1214,1,1965,1965,9170,2,140000
7,1801,2,484,1501,2,1959,1997,15602,1,289000
6,1322,2,440,855,2,1974,1974,2308,3,147000
5,1960,2,400,960,2,1952,1952,7596,4,124500
8,1911,2,471,777,2,1993,1994,9554,3,215000
6,1218,2,676,1218,2,2009,2009,7862,2,208300
7,1378,2,360,689,2,1928,2005,9600,3,161000
5,1041,1,270,1041,1,1959,1959,9600,3,124500
5,1363,1,288,1008,1,1951,2000,14559,2,164900
7,1368,2,474,1368,2,2005,2006,6792,2,202665
5,864,2,624,864,1,1958,1958,9100,3,129900
6,1080,2,484,1084,1,1983,1983,9187,3,134000
5,789,1,200,768,1,1926,1950,10594,2,96500
10,2020,3,900,2006,2,2009,2009,12220,3,402861
6,2119,2,583,689,2,1972,1972,10448,3,158000
7,2344,3,889,1264,2,1996,1997,10208,3,265000
6,1796,2,546,794,2,1998,1998,9531,3,211000
7,2080,1,282,1276,1,1926,2004,10918,3,234000
4,1294,0,0,0,2,1900,2000,10800,3,106250
6,1244,1,336,1244,1,1957,1957,11988,3,150000
6,1664,2,420,1004,2,1947,1950,5000,3,159000
10,4676,3,884,3138,3,2007,2008,40094,3,184750
7,2398,3,834,1379,2,1996,1997,11787,3,315750
7,1266,2,453,1257,2,2005,2005,7500,3,176000
5,928,1,252,928,1,1956,2000,13300,2,132000
9,2713,3,858,1452,2,2008,2008,14948,3,446261
4,605,0,0,528,1,1920,2002,9098,2,86000
6,2515,2,484,2035,3,1957,1975,32668,4,200624
6,1509,2,600,1461,2,1988,1989,10200,3,175000
6,1362,2,502,611,2,1920,1999,6155,3,128000
5,827,1,392,0,1,1955,2007,7200,2,107500
1,334,0,0,0,1,1946,1950,5000,1,39300
8,1414,2,403,707,2,2004,2004,9056,3,178000
5,1347,0,0,1117,1,1910,1991,7000,3,107500
7,1724,2,527,880,2,1998,1999,8924,3,188000
4,864,2,576,864,1,1972,1972,12735,3,111250
5,1159,1,336,1051,1,1968,1968,11553,3,158000
8,1601,2,670,1581,2,2001,2002,11423,3,272000
9,1838,3,765,1838,2,2006,2006,14601,2,315000
8,2285,3,648,969,2,2000,2000,11000,4,248000
7,1680,2,583,1650,2,1998,1999,10140,3,213250
7,767,1,367,723,1,1998,1998,4058,1,133000
7,1496,2,426,654,2,2006,2006,17104,3,179665
7,2183,3,786,1204,2,1988,1988,13837,4,229000
6,1635,2,440,1065,1,1923,1950,8737,3,210000
5,768,2,624,768,1,1970,1970,7244,2,129500
5,825,2,720,825,1,1955,1995,8235,2,125000
7,2094,2,615,912,2,2003,2004,9375,4,263000
6,1069,2,440,1069,2,1977,1977,4043,2,140000
5,928,1,288,928,1,1957,1957,6000,3,112500
8,1717,3,908,1709,2,2006,2006,11146,3,255500
4,1126,2,520,0,2,1949,2003,8777,2,108000
7,2046,3,871,998,2,2003,2004,10625,3,284000
5,1048,1,280,993,1,1922,1950,6380,2,113000
5,1092,1,299,1092,1,1957,1957,14850,2,141000
4,1336,1,570,637,1,1920,1950,11040,3,108000
7,1446,2,406,729,2,1996,1997,21872,3,175000
7,1557,2,420,1374,2,2003,2004,3196,2,234000
5,1392,2,528,1392,1,1957,1996,11341,3,121500
5,1389,2,418,1389,1,1974,1975,10010,2,170000
5,996,0,0,996,1,1940,1969,13907,3,108000
6,1674,2,396,1163,2,1918,1950,21780,4,185000
7,2295,2,590,1095,2,1992,2000,13346,4,268000
6,1647,1,216,806,1,1915,1950,6858,4,128000
9,2504,3,656,1122,2,2005,2007,11198,4,325000
7,1535,2,532,1517,2,2004,2004,10171,3,214000
8,2132,2,612,1496,1,1983,2009,12327,1,316600
5,943,2,600,943,1,1979,1979,7032,2,135960
5,1728,2,576,1728,2,1965,1965,13101,6,142600
6,864,1,288,864,1,1959,1959,7332,2,120000
7,1692,2,650,846,2,2009,2009,13159,3,224500
7,1430,2,400,384,2,2000,2000,9967,3,170000
5,1109,1,288,372,1,1971,2005,10500,3,139000
5,1216,1,336,832,1,1947,1950,8480,2,118500
7,1477,1,216,861,2,1928,1950,6292,3,145000
5,1320,2,564,1164,1,1966,1966,11777,3,164500
7,1392,2,540,689,2,2007,2007,3604,2,146000
5,1795,1,352,1050,2,1954,1954,12150,4,131500
6,1429,2,572,1144,1,1960,1987,14585,3,181900
8,2042,3,1390,2042,2,2008,2009,12704,3,253293
6,816,0,0,816,1,1990,1990,11841,3,118500
10,2775,2,880,1237,3,1893,2000,13500,3,325000
4,1573,1,240,884,1,1935,1995,6120,3,133000
8,2028,3,880,1868,2,2005,2006,11443,2,369900
6,838,1,275,816,1,1918,2000,10267,2,130000
5,860,2,528,840,1,1982,1982,8740,2,137000
5,1473,1,452,1437,1,1968,2003,25095,1,143000
5,935,1,308,742,1,1930,1960,9100,2,79500
7,1582,2,520,770,2,2004,2004,8320,3,185900
10,2296,3,842,1722,2,2008,2008,13478,3,451950
5,816,2,816,816,1,1982,2003,6600,2,138000
6,848,2,420,848,1,2003,2003,4435,1,140000
5,924,1,280,924,1,1975,1975,7990,3,110000
8,1826,3,758,1814,2,2005,2006,11302,3,319000
6,1368,1,216,684,1,1910,1993,3600,3,114504
7,1402,3,648,1258,0,2006,2007,3922,2,194201
5,1647,2,621,1430,2,1977,1977,12984,3,217500
6,1556,2,452,716,2,1980,1980,1950,3,151000
8,1904,2,736,1058,2,2005,2005,10927,3,275000
6,1375,1,544,780,1,1937,1950,9000,3,141000
8,1915,2,506,908,2,1992,1992,10041,3,220000
7,1200,2,480,600,2,2004,2005,3182,2,151000
7,1494,2,530,1494,2,2002,2002,12803,3,221000
7,1986,2,486,768,2,1965,1990,13600,3,205000
5,1040,2,576,1040,1,1996,1996,12464,3,152000
5,2008,1,230,896,3,1948,2002,7800,3,225000
8,3194,2,380,965,2,1934,1998,12168,4,359100
4,1029,1,261,1029,1,1961,1961,7943,3,118500
9,2153,3,736,1440,2,2000,2000,11050,3,313000
6,1032,2,564,1032,2,1978,1978,10395,3,148000
8,1872,2,531,1299,2,2001,2001,11885,3,261500
5,1120,0,0,1120,1,2007,2007,8402,3,147000
4,630,0,0,630,1,1972,1972,1491,1,75500
6,1054,2,480,936,1,1963,1963,8800,3,137500
6,1509,2,393,783,2,2002,2003,7861,3,183200
6,832,2,528,832,1,1954,1954,7227,2,105500
9,1828,3,774,1822,2,2007,2007,11694,3,314813
8,2262,3,749,1482,2,2003,2003,12244,4,305000
3,864,0,0,864,1,1914,1950,8248,2,67000
6,2614,2,624,1522,2,1974,1997,10800,4,240000
5,980,2,484,980,1,1977,1977,7064,3,135000
6,1512,2,440,756,2,2000,2000,2117,2,168500
6,1790,2,484,732,1,1972,1972,10400,4,165150
6,1116,2,440,1116,1,1962,1962,10000,3,160000
5,1422,1,286,978,1,1960,1978,12342,3,139900
6,1520,1,364,1156,1,1955,1972,9600,3,153000
5,2080,2,504,1040,1,1969,1969,11606,5,135000
6,1350,2,520,1248,1,1964,1964,9020,3,168500
5,1750,1,240,636,1,1880,1991,9000,3,124000
8,1554,2,627,1554,2,2006,2006,4590,2,209500
7,1411,2,544,1386,2,1977,1977,11900,3,82500
5,1056,1,260,1056,1,1954,2005,9250,3,139400
6,1056,2,576,1056,0,1980,1980,6979,0,144000
6,3395,0,0,1440,2,1914,1995,10896,8,200000
2,800,0,0,264,1,1936,1950,6120,1,60000
5,1387,1,256,811,2,1954,1954,6000,3,93000
5,796,0,0,796,1,1910,1950,8777,2,85000
8,1567,3,648,1520,2,2006,2006,3982,1,264561
8,1518,2,588,1518,1,2003,2004,12677,1,274000
7,1929,2,650,1057,2,2001,2001,7050,3,226000
8,2704,2,538,1952,2,1972,1995,13860,4,345000
5,1620,2,462,780,2,1969,1969,10793,4,152000
9,1766,3,478,1766,2,2009,2009,9187,2,370878
6,981,2,576,981,1,1971,1971,10530,3,143250
5,1048,2,420,0,1,1950,1950,7200,3,98300
6,1094,2,495,1094,1,1953,1953,10452,3,155000
6,1839,2,442,756,1,1966,1966,7700,4,155000
4,630,0,0,630,1,1970,1970,1936,1,84500
7,1665,2,562,813,2,2007,2007,8125,3,205950
4,1510,1,296,755,1,1940,1950,9084,4,108000
7,1716,2,512,880,2,1996,1996,8750,2,191000
6,1469,1,216,756,1,1906,1995,10320,3,135000
8,2113,3,839,2109,2,1995,1995,10437,2,350000
6,1092,1,264,525,1,1971,1971,1680,3,88000
5,1053,1,312,1053,1,1959,2006,10007,3,145500
7,1502,1,270,776,1,1931,2000,7200,3,149000
6,1458,1,330,912,1,1948,1950,17503,3,97500
5,1486,2,480,1486,1,1964,1999,9937,3,167000
7,1935,2,550,793,2,1976,1976,12384,3,197900
8,2448,3,711,1629,2,1994,2005,46589,4,402000
6,1392,2,576,1392,1,1968,1968,13560,2,110000
4,1181,2,588,1138,2,1972,1972,10012,3,137500
8,2097,3,1134,2077,1,2005,2006,20896,1,423000
8,1936,2,504,1406,2,2000,2000,11194,3,230500
6,2380,2,596,1021,2,1965,1979,18450,3,129000
6,1679,2,575,1408,2,1994,1998,8125,3,193500
5,1437,2,576,1188,1,1956,1987,14175,3,168000
4,1180,1,252,700,1,1922,1950,11600,2,137500
6,1476,2,540,738,2,2005,2005,8633,3,173500
6,1369,1,300,672,2,1925,1950,6629,3,103600
6,1208,2,546,1208,1,1977,1977,11250,3,165000
6,1839,2,416,1477,2,1957,2004,14442,3,257500
6,1136,1,384,1136,1,1965,1965,9200,3,140000
6,1441,2,440,855,2,1978,1978,2289,3,148500
4,1774,3,779,1095,2,1900,1950,9600,4,87000
5,792,1,240,768,1,1924,2006,9022,2,109500
8,2046,3,834,2046,2,2008,2008,11844,3,372500
5,988,2,572,988,1,1961,1961,9945,3,128500
6,923,1,264,923,2,1980,1980,8012,2,143000
5,1520,1,281,793,1,1932,2000,4500,3,159434
6,1291,2,431,1291,1,1996,1997,2887,2,173000
9,1668,3,702,1626,2,2002,2002,11248,3,285000
7,1839,2,486,1195,2,1998,1998,16770,4,221000
7,2090,2,577,1190,2,1984,1984,5062,3,207500
7,1761,2,578,874,3,2007,2007,10207,3,227875
7,1102,2,480,551,2,2004,2004,5105,2,148800
8,1419,2,567,1419,2,2007,2007,8089,2,392000
6,1362,2,460,1362,2,2005,2006,7577,2,194700
6,848,2,420,848,1,2004,2004,4426,1,141000
10,4316,3,832,2444,3,1994,1995,21535,4,755000
7,2519,2,628,1210,2,1989,1990,26178,4,335000
5,1073,1,326,1073,1,1921,1968,5400,2,108480
5,1539,2,576,927,1,1936,1950,6120,3,141500
6,1137,2,551,1112,2,1987,1987,13811,2,176000
5,616,1,205,616,1,1921,1950,6000,2,89000
5,1148,1,308,980,1,1952,1952,6420,2,123500
5,894,1,336,894,1,1965,2009,8450,3,138500
7,1391,2,530,1391,2,2004,2004,4282,2,196000
8,1800,3,765,1800,2,2002,2002,14331,3,312500
7,1164,2,528,1164,1,1969,1969,9600,3,140000
8,2576,3,666,1234,2,2006,2006,12438,4,361919
5,1812,2,672,360,2,1900,1996,7630,4,140000
7,1484,2,606,1473,2,2004,2005,8400,3,213000
4,1092,0,0,0,2,1930,1950,5600,3,55000
7,1824,2,739,1643,2,1971,2002,115149,2,302000
8,1324,2,550,1324,2,2006,2006,6240,2,254000
7,1456,2,400,728,2,2007,2007,9018,3,179540
5,904,1,408,876,1,1966,1966,7162,3,109900
3,729,0,0,270,1,1935,2003,4130,2,52000
4,1178,1,384,859,1,1900,1950,8712,2,102776
8,1228,2,472,1228,2,1988,1989,4671,2,189000
4,960,2,576,960,1,1970,1970,9873,3,129000
6,1479,2,475,725,2,1976,2005,13517,3,130500
6,1350,2,478,1064,2,1974,1974,10140,3,165000
7,2554,2,704,718,1,1890,1998,10800,3,159500
5,1178,2,439,1176,1,1973,2000,10000,3,157000
7,2418,3,983,1311,2,1993,1994,10542,3,341000
5,971,1,300,971,1,1969,1969,9920,3,128500
8,1742,2,564,1742,2,1985,1985,6563,2,275000
6,848,2,420,848,1,2004,2004,4426,1,143000
4,864,2,463,864,1,1970,1970,8120,3,124500
4,1470,1,548,941,2,1954,1972,8172,4,135000
9,1698,3,768,1698,2,2007,2008,13286,3,320000
4,864,2,660,864,1,1970,1970,6960,3,120500
6,1680,2,540,880,2,1988,2007,21695,3,222000
7,1232,2,632,1232,2,2007,2007,7314,2,194500
5,1776,3,888,1584,2,1958,1958,11475,4,110000
4,1208,2,539,780,1,1925,1950,6240,2,103000
8,1616,2,608,1595,2,1995,1996,5389,2,236500
7,1146,2,438,868,2,2003,2003,9590,3,187500
7,2031,2,541,1153,2,1998,1999,11404,3,222500
5,1144,1,264,864,1,1961,1983,10000,3,131400
5,948,1,300,948,1,1968,1968,8978,3,108000
7,1768,2,320,880,1,1914,1970,10800,2,163000
3,1040,2,400,0,2,1950,1950,8544,2,93500
8,1801,3,800,893,2,2005,2005,10463,3,239900
5,1200,0,0,1200,3,1987,1988,10800,3,179000
7,1728,2,572,864,2,2004,2004,9313,3,190000
5,1432,2,360,264,2,1910,2002,9600,2,132000
6,912,1,288,912,1,1961,1996,6768,3,142000
7,1349,2,539,1349,2,2000,2001,8450,3,179000
5,1464,2,480,520,2,1963,1999,12886,3,175000
8,1337,2,462,1337,2,1993,1993,5395,2,180000
8,2715,2,831,1142,3,1976,1996,8963,4,299800
7,2256,2,554,952,2,2000,2000,8795,4,236000
7,2640,4,864,1240,1,1880,2003,11700,4,265979
7,1720,2,527,1720,2,1996,1996,10593,3,260400
4,1529,1,240,0,2,1945,1950,8405,4,98000
4,1140,0,0,576,1,1910,2004,8800,3,96500
7,1320,2,400,660,2,2003,2003,7750,3,162000
6,1494,2,576,1479,2,1997,1997,9236,3,217000
8,2098,3,878,1030,2,2005,2005,10240,3,275500
6,1026,2,440,1026,1,1969,2005,7930,3,156000
6,1471,2,440,729,2,1999,1999,3230,3,172500
8,1768,2,578,866,2,2007,2007,10769,3,212000
6,1386,2,440,672,2,1978,1978,11616,3,158900
7,1501,2,440,744,2,1999,1999,2280,3,179400
8,2531,3,752,1318,2,1995,1995,12257,4,290000
6,864,1,300,864,1,1959,1959,9100,2,127500
5,1301,2,440,1145,1,1924,1950,6911,2,100000
7,1547,2,614,756,2,2009,2009,8640,3,215200
8,2365,3,856,1252,2,1999,1999,9430,3,337000
8,1494,2,481,1494,1,1995,1996,9549,2,270000
9,1506,2,592,1498,2,2008,2008,14587,2,264132
7,1714,2,496,980,2,1988,1988,10421,3,196500
6,1750,1,423,983,2,1940,1985,12508,4,160000
7,1836,2,484,1860,2,2004,2005,9100,3,216837
8,3279,3,841,1650,3,2003,2003,53504,4,538000
5,858,2,576,858,1,1982,1982,7252,2,134900
4,1220,2,396,836,1,1951,1951,8877,2,102000
6,1117,2,672,1029,1,1976,1976,7819,3,107000
5,912,1,275,912,1,1958,1958,10150,2,114500
8,1973,3,895,1935,2,2006,2006,14226,3,395000
6,1204,2,412,1204,2,1998,1998,4500,2,162000
7,1614,3,865,1614,2,2005,2006,11210,3,221500
5,894,2,440,864,1,1974,1974,13350,3,142500
5,2020,2,630,0,2,1977,1977,8400,4,144000
6,1004,2,504,975,1,1977,1977,10530,2,135000
7,1253,2,402,1237,2,1995,1996,7875,3,176000
6,1603,2,484,761,2,1992,1992,7153,3,175900
7,1430,2,605,1413,2,2001,2002,16285,3,187100
5,1110,2,602,1097,1,1978,1978,9101,1,165500
6,1484,0,0,742,2,1914,2001,6300,3,128000
6,1342,2,457,1372,2,1967,1967,9790,3,161500
5,1652,1,416,686,2,1915,1950,10800,4,139000
7,2084,2,618,956,2,2004,2004,10142,4,233000
4,901,1,281,901,1,1954,2000,6000,2,107900
6,2087,2,444,832,2,1966,2007,12205,5,187500
7,1145,2,397,1145,2,2005,2006,3182,2,160200
6,1062,2,539,1029,1,1976,1976,11333,3,146800
7,2013,2,455,1117,2,1996,1997,9920,3,269790
8,1496,2,474,1496,2,2007,2007,9158,3,225000
7,1895,2,409,712,2,1994,1996,10832,3,194500
6,1564,2,476,650,2,1980,1981,8400,3,171000
6,1285,2,528,660,1,1977,1977,8197,3,143500
5,773,1,240,773,1,1953,1953,7677,2,110000
9,3140,3,820,1926,3,2008,2009,13518,4,485000
5,1768,1,240,731,1,1937,1950,7200,3,175000
6,1688,2,603,616,2,1997,1997,12798,4,200000
4,1196,2,440,1196,1,1916,1990,4800,2,109900
7,1456,2,410,728,2,2005,2005,8199,3,189000
9,2822,3,1020,1734,3,2008,2009,13891,4,582933
5,1128,1,286,936,1,1954,1954,9000,2,118000
7,1428,2,554,1417,2,2008,2008,12274,3,227680
5,980,1,384,980,2,1967,1967,9750,3,135500
5,1576,2,528,1324,1,1923,2004,21384,3,223500
5,1086,2,484,1024,1,1966,1966,13400,3,159950
5,2138,2,360,849,2,1898,1965,8100,2,106000
6,1309,2,484,1040,1,1974,1999,10140,3,181000
6,848,2,420,848,1,2004,2004,4438,1,144500
5,1044,2,504,540,1,1952,1952,8712,2,55993
6,1442,1,301,1442,1,1958,1958,9750,4,157900
5,1250,1,280,686,1,1918,1950,8248,3,116000
7,1661,2,598,1649,2,1998,1998,12137,3,224900
5,1008,1,275,1008,1,1954,1954,11425,2,137000
8,1689,3,857,1568,2,2002,2002,13265,3,271000
6,1052,2,440,1010,1,1971,1971,8816,3,155000
7,1358,2,484,1358,2,2009,2010,6371,2,224000
7,1640,2,595,798,2,2003,2003,7226,3,183000
4,936,2,576,936,1,1953,1953,6000,2,93000
7,1733,2,433,847,2,2003,2003,12394,3,225000
6,1489,1,240,778,2,1940,1950,9900,3,139500
8,1489,2,776,1489,2,2006,2006,11216,3,232600
10,2084,3,1220,2078,2,2007,2008,14803,2,385000
5,784,0,0,784,1,1924,1950,6130,2,109500
7,1434,2,527,1454,2,2001,2001,8529,3,189000
5,2126,2,538,1013,2,1967,1967,28698,3,185000
7,1223,2,480,600,2,2005,2005,2544,2,147400
6,1392,2,458,1392,1,1957,1957,11900,3,166000
7,1200,2,480,600,2,2005,2005,3180,2,151000
7,1829,2,613,941,2,2003,2003,9548,3,237000
6,1516,2,472,1516,1,1964,1964,10004,3,167000
5,1144,2,456,1144,1,1961,1961,7875,3,139950
4,1067,2,436,1067,2,1950,1995,9600,2,128000
5,1559,2,812,1559,1,1948,1973,8100,2,153500
6,987,1,264,483,1,1973,1973,1680,2,100000
5,1099,1,352,1099,1,1995,2006,9525,3,144000
5,1200,1,240,768,1,1946,1995,11767,3,130500
6,1482,1,400,672,2,1925,1950,12155,4,140000
5,1539,2,686,650,2,1904,2002,10440,3,157500
6,1165,2,490,1127,1,1966,1966,9020,3,174900
5,1800,0,0,1800,2,1961,1961,8000,6,141000
5,1416,3,720,876,1,1915,1950,12665,4,153900
5,1701,2,611,1390,2,1975,1981,16647,3,171000
7,1775,2,425,740,2,1993,1993,9317,3,213000
5,864,1,338,864,1,1972,1972,15523,3,133500
6,2358,2,360,907,3,1908,1997,45600,5,240000
6,1855,2,512,528,2,1976,1994,9600,3,187000
6,848,2,420,848,1,2003,2003,4435,1,131500
8,1456,2,400,1273,2,2003,2003,3196,2,215000
7,1646,1,240,918,2,1941,1950,7128,4,164000
6,1445,2,645,1127,1,1964,1964,12095,3,158000
5,1779,2,454,1763,1,1955,1974,17920,3,170000
5,1040,1,260,1040,1,1962,2010,6897,3,127000
6,1026,2,576,940,1,1978,1978,10970,3,147000
6,1481,2,343,702,2,1994,1995,8125,3,174000
7,1370,2,479,1090,2,1976,1976,10400,3,152000
6,2654,2,619,1054,2,1968,1984,11029,4,250000
7,1426,1,216,912,1,1918,1998,7642,3,189950
5,1039,2,504,1039,1,1965,1965,11625,3,131500
6,1097,2,480,1040,2,1984,1985,9672,3,152000
5,1148,1,672,1148,1,1959,1959,7931,3,132500
7,1372,2,529,1372,2,2007,2008,8640,3,250580
5,1002,2,902,1002,1,1970,1970,8750,3,148500
8,1646,3,870,1638,2,2006,2007,10656,3,248900
4,1120,2,544,1040,1,1961,1961,6970,3,129000
5,2320,2,672,0,2,1948,1950,14762,2,169000
7,1949,2,574,1050,2,1993,1994,9938,3,236000
5,894,1,308,894,1,1962,1962,6600,2,109500
6,1682,2,523,804,2,1998,1998,8750,3,200500
5,910,2,414,105,1,1953,1996,8892,3,116000
5,1268,1,288,832,1,1949,1950,12144,3,133000
5,1131,1,200,676,1,1941,1950,5720,3,66500
8,2610,2,550,1184,2,2007,2007,9000,4,303477
4,1040,2,648,1064,1,1963,1963,25286,3,132250
9,2224,3,738,1462,2,2004,2005,8834,4,350000
5,1155,2,576,1109,1,1961,1995,11782,3,148000
5,864,1,336,864,1,1978,2005,7000,3,136500
5,1090,2,450,1090,1,2005,2006,7024,2,157000
7,1717,2,400,1156,2,1990,1991,13758,3,187500
6,1593,2,389,808,2,1992,1993,9636,3,178000
4,2230,1,440,795,1,1912,1950,6204,5,118500
5,892,1,288,892,1,1967,1967,7150,3,100000
9,1709,2,506,1698,2,1999,2000,5119,2,328900
5,1712,2,588,1626,2,1959,2005,8393,4,145000
5,1393,1,300,816,1,1955,1955,16466,3,135500
8,2217,2,621,2217,2,1970,1970,15865,4,268000
6,1505,2,505,1505,1,1953,1953,12160,2,149500
5,924,2,576,672,1,1949,2006,8064,3,122900
6,1683,2,440,918,2,1978,1978,11184,3,172500
6,1068,1,264,1059,1,1963,2003,8414,3,154500
5,1383,1,354,1383,1,1954,1954,13284,3,165000
5,1535,2,400,0,2,1979,1979,7018,4,118858
6,1796,2,483,780,1,1963,1963,7056,4,140000
4,951,1,327,951,1,1936,1950,8765,2,106500
5,2240,2,528,0,2,1979,1979,7018,6,142953
9,2364,3,820,2330,2,2009,2010,12919,2,611657
5,1236,1,288,912,1,1961,1994,6993,3,135000
4,858,1,684,858,1,1971,1971,7340,2,110000
5,1306,1,756,992,1,1957,2000,8712,2,153000
7,1509,2,393,783,2,2003,2003,7875,3,180000
7,1670,3,690,1670,2,2006,2006,14859,3,240000
5,902,1,288,876,1,1967,1967,6173,3,125500
5,1063,1,280,1056,1,1954,1954,9920,3,128000
8,1636,3,865,1623,2,2006,2006,13501,3,255000
7,2057,1,180,1017,1,1936,1987,11500,3,250000
5,902,2,484,864,1,1983,1983,8885,2,131000
6,1484,2,390,742,2,2005,2005,12589,3,174000
5,2274,2,480,1105,2,1960,1960,11600,5,154300
5,1268,1,252,1268,1,1977,1989,9286,3,143500
5,1015,1,450,768,1,1925,1950,6120,3,88000
5,2002,3,871,1001,2,1949,1950,6270,4,145000
6,1224,2,528,612,2,2009,2009,3000,2,173733
4,1092,1,286,546,1,1970,1970,2001,3,75000
2,480,1,308,480,0,1949,1950,9000,1,35311
4,1229,1,284,1134,1,1956,1956,17140,3,135000
7,2127,3,833,1104,2,1991,1991,13125,4,238000
6,1414,2,601,1184,1,1958,2002,11029,3,176500
6,1721,2,471,928,2,1994,1994,8462,3,201000
5,2200,0,0,1272,2,1900,2003,8777,4,145900
6,1316,2,397,1316,2,2005,2006,10237,3,169990
6,1617,2,533,1604,2,1993,1994,8012,2,193000
6,1686,2,612,1686,2,1980,1980,10240,3,207500
5,1126,2,540,1126,2,1977,1977,15611,3,175000
8,2374,3,656,1181,2,2003,2004,11999,4,285000
7,1978,2,486,832,2,1968,1968,9900,4,176000
8,1788,2,522,1753,2,2001,2001,11838,3,236500
7,2236,2,642,964,2,1997,1997,13006,4,222000
8,1466,3,610,1466,2,2007,2007,8925,3,201000
5,925,1,429,925,1,1965,1965,9100,2,117500
9,1905,3,788,1905,2,2006,2006,11670,3,320000
7,1500,2,570,1500,2,2004,2004,8487,3,190000
7,2069,2,505,585,2,1960,2007,27650,4,242000
4,747,2,528,600,1,1926,1953,5825,1,79900
7,1200,2,555,1176,2,2003,2003,10083,2,184900
7,1971,2,689,1113,2,2005,2005,9675,3,253000
7,1962,3,868,1391,2,2006,2006,8760,3,239799
7,2403,1,349,1032,2,1940,1950,24090,4,244400
6,1728,2,574,1728,2,1976,1976,12640,4,150900
7,2060,2,390,992,2,1999,1999,8755,3,214000
4,1440,0,0,1440,2,1977,1977,7711,4,150000
5,1632,2,576,1632,2,1967,1967,25000,4,143000
6,1344,2,525,819,1,1958,1958,14375,3,137500
5,1869,2,456,1088,1,1890,1996,8820,2,124900
5,1144,1,796,1144,1,1959,1959,8163,3,143000
8,1629,3,808,1616,2,2002,2003,14536,3,270000
7,1776,2,474,936,2,2002,2002,14006,3,192500
6,1381,2,676,1161,1,1972,2006,9360,3,197500
5,864,2,720,864,1,1950,2002,7200,3,129000
5,965,1,300,828,1,1965,1965,7800,3,119900
5,768,1,396,768,1,1972,2003,7200,2,133900
5,1968,2,530,784,2,1969,1969,11075,4,172000
6,980,0,0,945,2,1975,1975,9400,4,127500
6,1958,2,492,979,2,1946,1950,7136,4,145000
6,1229,2,462,561,1,1980,1980,1300,2,124000
5,1057,2,576,1057,1,1962,1962,7420,3,132000
7,1337,2,531,1337,2,2003,2003,8450,3,185000
7,1416,2,484,696,2,1999,1999,2572,3,155000
5,858,0,0,858,1,1958,2008,7207,2,116500
6,2872,2,619,1330,2,1977,1995,12227,4,272000
6,1548,2,440,804,2,1976,1976,2308,3,155000
9,1800,2,702,1800,2,2007,2007,11923,2,239000
7,1894,2,510,817,2,2002,2003,11316,4,214900
6,1484,2,393,783,2,2005,2007,10237,3,178900
5,1308,1,256,728,1,1940,1950,9600,2,160000
5,1098,1,260,1098,1,1955,1955,7390,3,135000
3,968,0,0,600,1,1910,1950,5925,2,37900
6,1095,1,264,588,1,1958,1958,10382,2,140000
4,1192,0,0,720,1,1949,1950,10800,4,135000
7,1626,2,474,764,2,2003,2004,2268,2,173000
6,918,1,264,918,2,1979,1979,7892,2,99500
7,1428,2,480,1428,2,2007,2008,11639,3,182000
7,2019,2,532,728,1,1910,1993,11414,3,167500
7,1382,2,490,673,2,2000,2000,2651,3,165000
4,869,0,0,440,1,1923,1958,5900,2,85500
7,1241,2,569,1241,1,2006,2007,4274,1,199900
4,894,2,400,894,1,1954,1954,9450,3,110000
5,1121,2,480,1121,1,1963,1963,8816,3,139000
7,999,2,588,944,1,1961,2007,12122,3,178400
8,2612,3,676,1225,2,1998,1999,12203,4,336000
7,1266,2,388,1266,2,2007,2007,3182,2,159895
8,2290,2,779,1128,2,2002,2002,11250,4,255900
5,1734,2,539,0,2,1977,1977,10125,4,126000
5,1164,1,240,1164,1,1950,1950,10880,3,125000
6,1635,1,255,485,1,1910,2003,5310,2,117000
9,1940,3,606,1930,2,2009,2010,10159,3,395192
6,2030,2,551,848,2,1976,1976,12046,4,195000
7,1576,2,614,770,2,2006,2006,8125,3,197000
8,2392,3,870,1396,2,1997,1998,9452,3,348000
8,1742,2,424,916,1,1882,1986,17671,4,168000
6,1851,2,440,822,2,1964,1993,9760,3,187000
6,1500,2,564,750,2,2005,2006,8846,3,173900
10,1718,3,786,1700,2,2006,2007,12456,3,337500
4,1230,1,305,747,1,1946,1950,4712,3,121600
5,1050,1,368,1050,1,1961,1961,10659,3,136500
6,1442,2,615,1442,2,1970,1970,11717,2,185000
3,1077,1,210,1007,1,1922,1950,9786,3,91000
7,1208,2,632,1187,2,2006,2006,6762,2,206000
3,944,2,528,0,1,1952,1952,10206,2,82000
5,691,1,216,691,1,1920,1950,5400,2,86000
8,1574,3,824,1574,2,2006,2006,11957,3,232000
5,1680,2,528,1680,2,1976,1976,11500,4,136905
7,1504,2,457,1346,2,2005,2006,3182,1,181000
5,985,1,328,985,2,1977,1977,8385,3,149900
6,1657,2,484,1657,2,1970,1970,12155,3,163500
4,1092,1,286,546,1,1970,1970,2217,3,88000
7,1710,2,550,1710,2,2004,2005,12118,3,240000
5,1522,0,0,1008,2,1926,1950,6000,4,102000
5,1271,1,312,720,2,1948,1950,21286,4,135000
5,1664,0,0,0,2,1965,1965,9825,4,100000
6,1502,1,180,602,1,1923,1996,10592,3,165000
5,1022,1,280,1022,1,1910,2006,7200,2,85000
6,1082,1,240,1082,1,1948,1950,11664,2,119200
8,1665,2,528,810,2,2001,2001,8400,3,227000
7,1504,2,478,1504,2,1996,1996,11883,3,203000
8,1360,2,565,1220,1,1984,1984,5814,1,187500
7,1472,2,402,384,2,1991,1992,10784,3,160000
7,1506,2,440,1362,2,2005,2005,3013,2,213490
4,1132,2,451,1132,1,2005,2005,7024,2,176000
7,1220,2,632,1199,2,2006,2006,7406,2,194000
5,1248,1,160,912,1,1930,1950,9439,2,87000
7,1504,2,437,1346,2,2005,2006,3182,2,191000
8,2898,2,665,1565,2,1976,1976,15498,2,287000
5,882,2,461,882,1,1972,1972,7700,3,112500
5,1264,2,461,1268,1,1960,1960,9300,3,167500
8,1646,3,800,1638,2,2007,2008,9520,3,293077
5,1376,1,240,768,1,1941,1950,9492,3,105000
6,1218,1,264,672,1,1972,1972,1680,3,118000
5,1928,0,0,686,2,1916,1995,7082,5,160000
7,3082,2,672,824,2,1920,1970,15863,5,197000
8,2520,3,796,1338,2,1993,1993,14541,5,310000
7,1654,3,900,1654,2,2002,2002,8125,3,230000
5,954,1,240,920,1,1938,1950,6305,2,119750
4,845,1,290,0,1,1957,1957,11500,3,84000
9,1620,3,912,1620,2,2007,2008,12898,2,315500
8,2263,2,905,1055,2,2001,2002,9240,3,287000
4,1344,0,0,546,1,1970,2008,1533,3,97000
4,630,1,286,630,1,1970,1970,1477,1,80000
5,1803,2,484,1134,2,1957,2000,13125,3,155000
6,1632,2,484,800,1,1966,2000,9130,4,173000
6,1306,2,624,1306,2,2005,2005,5381,1,196000
7,2329,2,514,1475,2,1990,1990,11839,4,262280
8,2524,2,542,2524,2,1981,1981,9600,4,278000
3,1733,2,452,0,2,1955,1955,13680,4,139600
9,2868,3,716,1992,3,2005,2006,16056,4,556581
5,990,2,672,990,1,1994,1995,9245,3,145000
5,1771,2,336,0,1,1960,2006,21750,3,115000
4,930,1,308,0,1,1946,2006,11100,2,84900
7,1302,2,436,1302,2,2007,2007,8993,3,176485
7,1316,2,440,1316,2,2007,2007,11175,3,200141
6,1977,2,540,816,1,1964,1978,9500,4,165000
5,1526,1,364,1216,1,1957,2002,8562,4,144500
8,1989,2,586,1065,2,2002,2002,11367,3,255000
6,1523,2,478,1193,2,1976,1976,11361,3,180000
7,1364,2,484,1364,2,2005,2005,7052,2,185850
7,1850,2,467,973,2,1994,1994,29959,3,248000
9,2184,3,836,1104,2,2008,2008,11308,3,335000
6,1991,2,432,854,1,1932,1950,11275,3,220000
8,1338,2,582,1338,2,2001,2001,4920,2,213500
3,894,3,1248,894,1,1935,1950,18000,2,81000
5,2337,2,560,662,2,1900,1950,13600,5,90000
6,1103,2,440,1103,1,1925,1980,6000,2,110500
5,1154,2,480,1154,1,1966,1966,11000,3,154000
7,2260,2,533,1306,2,1996,1997,14000,3,328000
6,1571,2,380,799,2,1993,1994,7837,3,178000
6,1611,2,442,780,1,1964,1964,9760,4,167900
6,2521,2,576,942,2,1973,1973,3964,5,151400
5,893,2,576,845,1,1949,2003,9600,2,135000
5,1048,1,286,1048,1,1956,1956,10152,3,135000
6,1556,2,441,727,1,1968,1968,11700,4,154000
5,1456,1,280,810,1,1948,1950,7585,4,91500
6,1426,2,440,690,1,1977,1977,7950,3,159500
7,1240,3,826,1240,2,2006,2006,8556,2,194000
7,1740,1,240,800,1,1940,1984,13125,3,219500
5,1466,2,566,796,2,1936,1989,10800,3,170000
5,1096,1,299,1096,1,1969,1969,15870,3,138800
6,848,2,420,848,1,2004,2004,4435,1,155900
5,990,1,299,990,1,1994,1994,8775,3,126000
6,1258,2,528,1258,2,1971,2004,11040,3,145000
5,1040,1,308,1040,1,1963,1963,7500,3,133000
7,1459,2,527,1459,2,2002,2002,8749,3,192000
6,1251,1,461,1251,1,1964,1964,8800,3,160000
6,1498,2,409,691,2,1995,1996,13031,3,187500
6,996,2,564,936,1,1992,1992,9069,2,147000
4,1092,1,286,546,1,1973,1973,1974,3,83500
8,1953,3,1043,1082,2,2005,2006,10574,3,252000
7,1709,2,380,970,2,2004,2004,2522,3,137500
8,1247,2,550,1247,1,2005,2005,3316,1,197000
3,1040,2,400,0,2,1950,1950,8544,2,92900
7,1252,2,462,600,2,1999,2000,2160,2,160000
6,1694,2,576,1181,2,1925,1950,8400,4,136500
5,1200,2,884,864,1,1965,1998,9230,1,146000
5,936,1,308,936,1,1956,2000,5868,2,129000
6,1314,2,440,1314,2,2006,2006,9317,3,176432
6,1355,0,0,684,1,1914,2006,6882,3,127000
8,1088,2,461,1074,1,1986,1986,3696,2,170000
4,1324,1,240,672,1,1936,1950,6000,3,128000
7,1601,2,478,1271,2,1978,1978,11880,3,157000
2,438,1,246,290,1,1920,1950,8400,1,60000
5,950,1,280,950,1,1971,1971,9758,3,119500
5,1134,1,254,1010,1,1960,2002,7000,2,135000
6,1194,2,539,655,1,1959,1959,8910,3,159500
5,1302,2,440,630,2,1970,1970,2016,3,106000
8,2622,2,712,1463,2,1994,1995,12256,3,325000
7,1442,2,719,910,2,1990,1991,10357,3,179900
7,2021,2,422,868,2,2006,2006,23257,3,274725
6,1690,2,463,924,2,2000,2000,8063,3,181000
8,1836,3,862,1836,2,2004,2005,11362,3,280000
6,1658,2,431,773,2,1995,1996,8000,3,188000
7,1964,2,483,803,2,1976,1976,10480,4,205000
5,816,1,308,816,1,1957,1957,7100,2,129900
5,1008,1,240,1008,1,1953,2006,8923,2,134500
5,833,1,326,833,1,1954,2000,5400,2,117000
8,1734,3,928,1734,2,2007,2007,12085,3,318000
8,1419,2,527,408,2,2002,2002,7750,3,184100
5,894,2,450,894,1,1967,2003,9764,3,130000
5,1601,1,300,533,1,1958,1987,13825,3,140000
5,1040,1,286,1040,1,1959,1959,7560,3,133700
6,1012,1,308,1012,1,1920,1950,8263,2,118400
7,1552,3,782,1552,2,2005,2006,10084,3,212900
4,960,1,288,672,1,1956,1956,8926,3,112000
5,698,0,0,698,1,1947,2008,9405,2,118000
7,1482,2,392,384,2,1992,1992,9125,3,163900
4,1005,2,672,1005,1,1955,1955,10434,2,115000
7,1555,3,660,1373,2,2007,2007,3684,2,174000
7,1530,3,630,1530,2,2004,2004,14572,3,259000
7,1959,2,434,847,2,2004,2005,11796,4,215000
5,936,2,672,936,1,1980,1980,7200,2,140000
4,1981,2,576,1122,2,1928,1950,7804,4,135000
5,974,0,0,974,1,1991,1992,10712,3,93500
6,2210,1,205,1008,2,1880,1950,9900,5,117500
8,2020,2,466,1128,2,1995,1995,9828,3,239500
6,1600,2,460,916,2,1997,1997,8773,3,169000
6,986,1,180,960,1,1926,1950,6180,2,102000
6,1252,1,288,1032,1,1950,1950,9600,3,119000
5,1020,0,0,780,1,1875,1996,6342,2,94000
6,1567,2,714,1567,2,1977,1977,9819,2,196000
5,1167,2,495,915,1,1920,1950,8731,3,144000
5,952,2,840,952,1,1951,1951,7350,2,139000
5,1868,2,484,780,2,1976,1976,10304,4,197500
8,2828,3,1052,1466,3,2006,2007,9965,4,424870
5,1006,0,0,1006,1,1959,1959,9000,3,80000
4,924,1,280,672,1,1941,1950,12180,2,80000
5,1576,1,225,1042,1,1928,1950,6240,3,149000
6,1298,2,403,1298,2,1985,1985,11200,3,180000
7,1564,1,234,704,1,1941,1950,12000,3,174500
7,1111,1,288,572,1,1926,1950,5700,2,116900
7,1482,2,324,650,1,1920,1988,9000,3,143000
6,932,1,306,932,1,1950,1950,8280,2,124000
5,1466,2,528,1466,1,1959,1959,17755,3,149900
6,1811,2,470,1073,1,1956,2004,14115,2,230000
6,816,1,432,816,1,1930,2007,5890,2,120500
7,1820,2,492,864,1,1965,1988,13700,4,201800
5,1437,2,528,1437,2,1976,2004,10768,3,218000
5,1265,2,502,1219,2,1965,1999,9350,3,179900
7,1314,2,626,1314,2,2007,2008,5001,2,230000
8,1580,3,830,1580,2,2007,2008,11932,3,235128
6,1876,2,540,901,2,1974,1974,9120,4,185000
6,1456,2,440,855,2,1978,1978,2280,3,146000
6,1640,2,924,1296,1,1954,2006,14778,3,224000
5,894,2,450,894,1,1968,1968,8724,3,129000
4,1258,2,400,1198,0,1969,1969,12900,0,108959
5,1432,2,588,1360,1,1978,1978,16157,2,194000
7,1502,2,644,1502,2,2009,2009,9541,3,233170
8,1694,3,776,1694,2,2008,2008,10475,3,245350
6,1671,2,472,959,2,2000,2000,10852,3,173000
6,2108,2,540,1127,2,1935,1986,13728,4,235000
10,3627,3,807,1930,3,1995,1996,35760,4,625000
6,1118,1,358,1096,1,1977,1977,9880,3,171000
6,1261,2,433,1261,1,1958,1958,9120,3,163000
7,1250,2,625,625,2,2006,2007,4017,2,171900
5,3086,0,0,1598,3,1946,1994,18030,3,200500
6,2345,2,360,952,2,1932,1950,16560,4,239000
8,2872,2,541,1683,2,1992,2000,10678,4,285000
5,923,1,264,876,1,1984,1985,6951,3,119500
6,1224,1,210,818,1,1926,2004,3950,3,115000
5,1343,1,186,731,1,1921,1950,7681,3,154900
5,1124,0,0,0,1,1954,1954,8335,3,93000
7,2514,2,693,1216,2,1990,1991,11170,4,250000
8,1652,2,482,1600,2,2008,2008,5587,2,392500
10,4476,3,813,2396,3,1996,1996,15623,4,745000
5,1130,2,720,1120,1,1920,1950,10800,2,120000
5,1572,3,995,1572,1,1963,1963,35133,3,186700
5,1221,1,392,784,1,1924,1950,9738,4,104900
3,1699,2,420,978,2,1900,1970,10615,3,95000
8,1624,3,757,1624,2,1994,1995,12461,2,262000
7,1660,2,493,831,2,2002,2002,8935,3,195000
7,1804,2,442,994,2,1999,1999,7500,3,189000
4,1622,4,1356,1249,1,1961,1975,32463,3,168000
8,1441,2,492,776,2,1999,2000,2645,2,174000
5,1472,1,250,702,1,1925,1994,9600,3,125000
6,1224,2,402,1224,2,1999,1999,4500,2,165000
6,1352,1,299,663,1,1969,1969,9364,4,158000
6,1456,2,400,728,2,2005,2005,8029,3,176000
7,1863,3,660,879,2,2006,2006,14054,4,219210
7,1690,1,225,815,1,1916,1950,8850,3,144000
7,1212,2,573,1212,2,2001,2001,9100,3,178000
4,1382,2,459,1051,1,1963,1979,11235,3,148000
4,864,1,280,864,1,1970,1970,9353,3,116050
7,1779,2,546,866,2,1998,1998,10400,3,197900
5,1348,1,216,884,1,1925,1997,6000,3,117000
7,1630,2,451,1630,2,2000,2001,9750,3,213000
5,1074,2,495,1056,1,1975,1975,10140,3,153500
7,2196,3,701,2158,2,1990,1991,14684,3,271900
4,1056,1,384,1056,1,1966,1966,8900,2,107000
6,1700,2,544,1682,2,2003,2003,9135,3,200000
5,1283,2,506,931,1,1962,1980,7763,3,140000
8,1660,2,500,1660,2,2006,2006,10182,3,290000
6,1845,2,462,1055,2,1992,1992,11218,3,189000
8,1752,2,492,559,2,1988,2005,12134,4,164000
4,672,1,234,672,1,1941,1950,9340,2,113000
4,960,1,364,648,0,1965,2001,10246,0,145000
5,999,1,300,925,1,1962,1962,10205,3,134500
5,894,1,384,894,1,1966,1966,7094,3,125000
6,1902,2,539,0,2,1978,1978,8930,4,112000
8,1314,2,552,1300,2,2009,2009,8640,3,229456
4,912,0,0,0,1,1947,1950,6240,2,80500
6,1218,0,0,672,1,1971,1971,1680,3,91500
5,912,1,288,912,1,1964,1964,7800,2,115000
5,1211,1,322,952,1,1968,1968,8250,3,134000
6,1846,1,315,1040,2,1949,1950,10496,3,143000
5,2136,2,528,2136,2,1951,1951,10680,4,137900
7,1490,2,388,788,2,2004,2005,15384,3,184000
6,1138,1,264,588,1,1958,1958,10482,3,145000
6,1933,3,668,894,2,2007,2007,14598,4,214000
5,912,2,576,912,1,1965,2008,8872,2,147000
9,1702,3,1052,1702,1,2008,2008,8769,1,367294
5,1507,1,404,1075,2,1960,1960,7910,4,127000
5,2620,2,600,1361,2,1977,1977,18890,4,190000
5,1190,2,540,1106,1,1962,1962,7728,3,132500
4,1224,2,462,0,2,1962,1962,9842,2,101800
5,1188,2,531,1188,1,1959,1959,12160,3,142000
5,1964,0,0,940,1,1911,1950,8525,4,130000
5,1784,1,180,747,1,1914,1950,13132,4,138887
7,1626,2,474,764,2,2003,2003,2628,2,175500
7,1948,2,434,847,2,2004,2005,12393,4,195000
6,1141,2,484,1141,1,2005,2005,13072,3,142500
8,1484,2,472,1476,2,2006,2006,9037,2,265900
7,1768,2,543,884,2,2003,2003,8158,3,224900
7,1689,3,954,1689,2,2007,2007,9849,3,248328
7,1173,2,528,1053,2,1974,1974,10625,3,170000
10,2076,3,850,2076,2,2006,2006,13891,2,465000
8,1517,2,400,792,1,1929,1950,11435,3,230000
6,1868,2,477,585,3,1984,2003,12090,3,178000
7,1553,2,615,756,2,2005,2006,8125,3,186500
6,1034,3,888,1012,1,1976,1976,12328,3,169900
6,2058,2,396,735,1,1917,1950,9600,3,129500
5,988,1,276,876,1,1950,1950,7200,3,119000
7,2110,2,522,2110,2,1968,1968,11160,3,244000
7,1405,2,478,1405,2,2003,2003,3136,2,171750
5,874,1,288,864,1,1968,1968,9858,3,130000
7,2167,2,518,1192,2,1974,2003,17542,3,294000
7,1656,2,397,746,2,2003,2004,6931,3,165400
6,1367,1,560,884,1,1931,1950,6240,3,127500
8,1987,2,691,1986,2,1994,1994,14303,2,301500
5,864,0,0,864,1,1922,1950,4060,2,99900
7,1166,2,400,856,2,2005,2005,9587,2,190000
6,1054,2,460,1054,1,1969,1969,9750,3,151000
6,1675,2,502,841,2,1999,1999,24682,3,181000
5,1050,1,338,1050,1,1956,1956,9600,2,128900
4,1788,1,304,1104,1,1957,1989,11250,5,161500
6,1824,2,520,764,1,1919,1950,13515,3,180500
6,1337,2,511,1405,2,1998,1999,4060,2,181000
7,1452,2,506,691,2,1999,1999,3735,3,183900
7,1889,1,308,925,1,1910,1950,10120,4,122000
9,2018,3,746,2002,2,2008,2009,13214,3,378500
8,3447,3,1014,728,3,1935,1997,14100,4,381000
5,1524,1,315,874,1,1958,1958,11344,3,144000
7,1524,2,586,1332,0,1979,1979,23595,0,260000
6,1489,2,462,1489,2,1968,1968,9156,3,185750
5,935,1,288,935,1,1965,1965,13526,3,137000
6,1357,1,312,1019,1,1959,2006,11512,2,177000
5,1250,2,552,661,2,1910,2003,5362,3,139000
5,1920,2,400,928,2,1948,1950,11345,4,137000
6,1395,2,497,723,1,1972,1972,12936,3,162000
6,1724,2,480,1680,1,1967,1976,17871,3,197900
8,2031,2,577,1128,2,2002,2002,9473,3,237000
4,1128,2,528,698,1,1920,1950,7500,2,68400
7,1573,2,544,1573,2,2002,2002,9808,3,227000
7,1339,2,484,1309,2,1990,1990,8049,2,180000
5,1040,2,484,1040,2,1977,2008,8800,3,150500
6,1824,0,0,912,2,1971,1971,9400,4,139000
6,2447,1,336,804,2,1919,1990,9638,4,169000
6,1412,1,280,780,1,1939,1950,6000,4,132500
6,1328,2,528,1328,1,1963,1963,9790,3,143000
5,1582,2,390,1624,2,1964,1964,36500,4,190000
8,1659,2,499,1501,2,2000,2000,5664,2,278000
8,1970,3,753,1085,2,2006,2006,11065,3,281000
5,1152,2,484,1152,1,1964,1964,14112,3,180500
5,1302,1,264,630,2,1972,1972,1680,3,119500
5,2372,1,432,994,2,1892,1965,6600,4,107500
7,1664,2,528,832,2,1976,1976,10140,4,162900
5,864,2,572,864,1,1955,1990,8172,2,115000
5,1052,1,288,1052,1,1968,1968,8400,3,138500
5,1128,2,525,1120,2,1963,1963,8700,3,155000
6,1072,2,525,547,2,2005,2006,3675,2,140000
10,5642,2,1418,6110,2,2008,2008,63887,3,160000
5,1246,1,305,1246,1,1959,1994,7500,3,154000
7,1983,2,490,978,2,1999,1999,10762,3,225000
6,1494,1,213,771,1,1942,1950,7500,3,177500
8,2526,3,844,1165,2,1994,1994,10120,4,290000
7,1616,3,834,1616,2,2005,2005,8688,3,232000
7,1708,2,380,976,2,2004,2004,3363,3,130000
9,1652,2,840,1652,2,2006,2007,13173,2,325000
7,1368,2,474,1368,2,2005,2006,6955,2,202500
5,990,2,480,990,1,1994,1995,8072,3,138000
5,1122,2,528,924,1,1948,2005,12000,2,147000
6,1294,2,496,1278,2,1991,1991,7153,3,179200
7,1902,2,567,1902,2,1959,2002,17500,3,335000
7,1274,2,508,1274,2,2005,2007,8814,3,203000
8,2810,2,750,1453,2,1990,1990,9572,4,302000
9,2599,3,779,1393,2,1999,1999,14774,4,333168
4,948,1,280,948,1,1954,1954,8190,3,119000
6,2112,2,576,952,2,1969,1969,11075,4,206900
8,1630,3,860,1622,2,2008,2008,10226,3,295493
7,1352,2,466,1352,2,2006,2007,4230,2,208900
8,1787,3,748,1753,2,2001,2002,14781,3,275000
4,948,1,248,864,1,1954,1954,10215,3,111000
6,1478,2,442,1478,1,1957,1957,8400,3,156500
3,720,1,287,0,1,1949,1950,6627,2,72500
7,1923,2,564,750,2,1992,1992,10186,3,190000
4,708,0,0,420,1,1940,1950,5330,2,82500
8,1795,3,895,1795,2,2006,2007,9986,2,147000
4,796,0,0,796,1,1922,1950,3636,2,55000
3,774,0,0,544,1,1931,2006,4270,3,79000
5,816,1,264,816,1,1982,2008,6600,3,130500
6,2792,2,520,1510,2,1920,1950,10440,5,256000
7,1632,2,462,935,2,1998,1998,9084,3,176500
8,1588,3,825,1588,2,2006,2006,10000,3,227000
5,954,2,576,911,1,1976,1976,10780,3,132500
4,816,1,288,816,1,1938,1958,8877,2,100000
5,1360,1,297,803,1,1938,1995,7200,2,125500
5,1365,2,440,765,1,1970,1970,2368,3,125000
6,1334,2,630,1350,2,1977,1977,9650,2,167900
5,1656,2,506,1656,2,1973,1973,9246,4,135000
4,693,0,0,693,1,1941,1950,4118,2,52500
7,1861,2,492,916,2,2002,2002,13450,3,200000
5,864,1,288,864,1,1972,1972,9560,3,128500
4,872,4,480,858,1,1971,1971,8294,3,123000
6,1114,2,576,1114,1,2003,2004,13695,3,155000
8,2169,2,647,1284,2,2002,2002,9375,3,228500
6,1913,2,342,896,1,1928,1950,7558,3,177000
7,1456,2,440,728,2,2006,2006,11103,3,155835
4,960,1,308,960,1,1920,1950,6000,2,108500
7,2156,2,508,1568,2,1968,2003,20781,3,262500
8,1776,3,712,1732,2,2006,2007,15306,3,283463
7,1494,2,514,1482,2,1998,1998,16196,3,215000
8,2358,0,0,684,2,1872,1987,5250,4,122000
5,2634,4,968,1248,2,1969,1969,11643,6,200000
6,1716,2,490,858,1,1962,1962,9247,4,171000
6,1176,2,624,698,1,1937,2000,6000,2,134900
8,3238,3,666,2033,2,1995,1996,14720,4,410000
7,1865,3,839,992,2,2000,2000,10316,3,235000
7,1920,2,487,570,3,1968,1992,10192,4,170000
5,892,1,264,864,1,1966,1966,9477,3,110000
5,1078,2,500,1078,1,1971,2008,12537,3,149900
6,1573,2,440,756,2,2000,2000,2117,3,177500
9,1980,3,770,1980,2,2004,2005,16737,3,315000
5,2601,2,621,612,3,1921,1998,9842,4,189000
7,1530,2,430,1530,2,2005,2005,16158,3,260000
4,1738,1,368,715,2,1920,2007,12513,4,104900
6,1412,2,432,616,2,2006,2007,8499,3,156932
7,1200,2,480,600,2,2005,2005,3180,2,144152
7,1674,2,663,814,2,2000,2000,7500,3,216000
7,1790,2,588,873,2,1999,1999,9179,3,193000
5,1475,1,336,757,2,1977,1977,2665,4,127000
6,848,2,420,848,1,2003,2004,4435,1,144000
8,1668,2,502,1657,2,2003,2003,10635,3,232000
4,1374,1,338,840,1,1920,1950,5400,2,105000
6,1661,1,377,992,1,1955,1996,9600,3,165500
7,2097,2,583,1108,2,1998,1998,9750,3,274300
10,2633,3,804,2633,2,2001,2002,11400,2,466500
7,1958,3,936,1026,2,2005,2005,10625,3,250000
8,1571,3,722,1571,2,2007,2007,10991,3,239000
6,790,1,160,768,1,1930,1950,6292,2,91000
5,1604,2,660,984,2,1941,1960,10998,3,117000
6,987,1,264,483,1,1973,1973,1953,2,83000
5,1394,2,400,384,2,2006,2007,9735,3,167500
3,864,1,200,864,1,1914,1950,8212,2,58500
6,2117,2,550,1205,2,1970,1970,12925,4,237500
7,1762,2,576,596,1,1920,1950,7200,4,157000
5,1416,2,576,816,2,1918,2007,25339,3,112000
6,1258,1,280,560,1,1939,1950,9060,2,105000
4,1154,1,240,796,1,1922,2007,5436,3,125500
7,2784,2,564,1392,3,1978,1978,16692,5,250000
6,2526,1,216,714,2,1916,1950,8520,5,136000
9,1746,3,758,1746,2,2006,2007,14892,3,377500
6,1218,2,440,735,1,1941,1950,6000,3,131000
7,1525,2,541,1525,2,2000,2000,9100,3,235000
5,1584,3,792,1584,2,1967,1967,8944,4,124000
5,900,1,288,864,1,1967,1967,7838,3,123000
6,1912,2,672,482,2,1905,2000,10800,3,163000
7,1500,3,648,1356,2,2006,2006,4045,2,246578
8,2482,3,642,1094,2,2005,2006,12665,4,281213
5,1687,2,572,747,1,1948,1950,57200,3,160000
5,1513,1,180,939,1,1920,2004,6120,4,137500
5,1904,1,240,1208,1,1950,1982,7200,3,138000
6,1608,1,216,976,2,1925,1990,6171,3,137450
6,1158,1,208,862,1,1929,1950,6000,3,120000
6,1593,2,398,839,2,2004,2004,7415,3,193000
7,1294,2,662,1286,2,2006,2006,6762,2,193879
8,1464,3,754,1485,2,2007,2007,15256,3,282922
3,1214,3,936,672,1,1915,1950,10410,3,105000
8,1646,2,482,1594,2,2004,2005,3842,2,275000
5,768,2,396,768,1,1972,2007,8445,2,133000
5,833,0,0,833,1,1985,1985,8780,3,112000
4,1363,2,528,622,1,1910,1950,7740,3,125500
7,2093,2,542,791,2,1986,1991,20544,3,215000
7,1840,2,622,944,2,2001,2001,12420,3,230000
6,1668,1,271,856,1,1950,2005,9600,3,140000
4,1040,2,420,0,2,1949,1950,7200,2,90000
8,1844,2,620,1844,2,2005,2006,10994,2,257000
6,1848,2,370,833,1,1923,2000,13053,4,207000
7,1569,3,660,1386,2,2007,2007,3635,1,175900
4,2290,2,560,777,2,1885,1950,11340,4,122500
8,2450,3,1069,1284,2,1998,1998,16545,3,340000
5,1144,1,336,1144,1,1963,1963,9204,3,124000
6,1844,2,540,1844,2,1969,1969,16381,3,223000
6,1416,2,776,708,2,1968,1968,11700,3,179900
6,1069,2,440,1069,2,1977,1977,4043,2,127500
6,848,2,420,848,1,2003,2003,4435,1,136500
6,2201,2,432,697,2,1966,1966,19690,4,274970
5,1344,1,484,1024,1,1958,1983,9503,2,144000
6,1252,2,528,1252,1,1959,1959,10721,3,142000
7,2127,2,525,1223,2,1994,1994,10944,3,271000
5,1558,1,288,913,1,1945,1950,10930,3,140000
5,804,1,240,788,1,1940,1992,7200,2,119000
6,1440,2,467,1440,2,1981,1981,12546,3,182900
5,1838,2,372,732,2,2005,2005,21930,4,192140
6,958,2,440,958,2,1976,1976,4928,2,143750
4,968,1,216,656,2,1927,2007,10800,4,64500
6,1792,2,451,936,2,2000,2000,10261,3,186500
5,1126,2,484,1126,2,1977,1977,17400,3,160000
6,1537,2,462,1319,1,1962,2005,8400,3,174000
4,864,2,528,864,1,1971,1971,9000,3,120500
8,1932,3,774,1932,2,2008,2008,12444,2,394617
6,1236,2,923,912,1,1957,1996,7407,2,149700
7,1725,2,550,539,2,1979,1979,11584,3,197000
6,2555,2,672,588,2,1922,1994,11526,3,191000
6,848,2,420,848,1,2004,2004,4426,1,149300
10,2007,3,812,1017,2,2008,2008,11003,3,310000
6,952,1,192,952,1,1916,1950,8854,2,121000
7,1422,2,626,1422,2,2004,2004,8500,3,179600
6,913,1,240,814,1,1966,1966,8400,3,129000
5,1188,1,312,1188,1,1962,1962,26142,3,157900
8,2090,2,556,1220,2,1995,1996,10000,3,240000
4,1346,1,384,560,1,1910,2000,11767,2,112000
5,630,0,0,630,1,1970,1970,1533,1,92000
5,1792,0,0,896,2,1974,1974,9000,4,136000
8,1578,3,840,1573,2,2008,2009,9262,3,287090
5,1072,2,525,547,1,2005,2005,3675,2,145000
5,1140,0,0,1140,1,2006,2006,17217,3,84500
7,1221,2,400,1221,2,2004,2005,7500,2,185000
6,1647,2,460,953,2,1999,2000,7917,3,175000
6,2073,2,500,1542,2,1978,1988,13175,3,210000
7,2340,1,252,1152,2,1941,2006,9042,4,266500
5,1078,1,240,1078,1,1950,1996,9717,2,142125
5,1256,1,276,1256,1,1965,1965,9937,3,147500
